week_ending,area_id,discipline,budget_at_completion,planned_value_cum,earned_value_cum,actual_cost_cum
2025-10-03,A1,Civil/Structural,15360000.0,17927.25,17927.6,17953.29
2025-10-10,A1,Civil/Structural,15360000.0,37691.86,37399.92,37330.51
2025-10-17,A1,Civil/Structural,15360000.0,59476.62,58761.31,58653.71
2025-10-24,A1,Civil/Structural,15360000.0,83481.36,82264.16,81510.54
2025-10-31,A1,Civil/Structural,15360000.0,109924.21,108907.02,108035.74
2025-11-07,A1,Civil/Structural,15360000.0,139042.97,140718.41,140289.8
2025-11-14,A1,Civil/Structural,15360000.0,171096.54,173527.37,171460.18
2025-11-21,A1,Civil/Structural,15360000.0,206366.28,204595.75,203784.2
2025-11-28,A1,Civil/Structural,15360000.0,245157.44,246685.43,244997.61
2025-12-05,A1,Civil/Structural,15360000.0,287800.52,288572.23,286980.44
2025-12-12,A1,Civil/Structural,15360000.0,334652.51,339248.11,335583.74
2025-12-19,A1,Civil/Structural,15360000.0,386098.1,384416.52,381734.98
2025-12-26,A1,Civil/Structural,15360000.0,442550.62,438757.17,434310.69
2026-01-02,A1,Civil/Structural,15360000.0,504452.78,498593.75,500988.11
2026-01-09,A1,Civil/Structural,15360000.0,572277.13,565815.24,558612.39
2026-01-16,A1,Civil/Structural,15360000.0,646525.98,639464.21,639535.56
2026-01-23,A1,Civil/Structural,15360000.0,727730.98,732200.65,729196.86
2026-01-30,A1,Civil/Structural,15360000.0,816451.93,805199.8,798121.91
2026-02-06,A1,Civil/Structural,15360000.0,913274.9,902746.37,893893.28
2026-02-13,A1,Civil/Structural,15360000.0,1018809.41,1021877.74,1012299.26
2026-02-20,A1,Civil/Structural,15360000.0,1133684.64,1149879.74,1141967.45
2026-02-27,A1,Civil/Structural,15360000.0,1258544.35,1260580.02,1247896.26
2026-03-06,A1,Civil/Structural,15360000.0,1394040.56,1408902.39,1391690.03
2026-03-13,A1,Civil/Structural,15360000.0,1540825.66,1520930.94,1521869.87
2026-03-20,A1,Civil/Structural,15360000.0,1699543.01,1698302.86,1693660.72
2026-03-27,A1,Civil/Structural,15360000.0,1870815.82,1852816.55,1859274.1
2026-04-03,A1,Civil/Structural,15360000.0,2055234.4,2054719.47,2025128.4
2026-04-10,A1,Civil/Structural,15360000.0,2253341.7,2249154.43,2241195.71
2026-04-17,A1,Civil/Structural,15360000.0,2465617.36,2434920.86,2401066.1
2026-04-24,A1,Civil/Structural,15360000.0,2692460.42,2684433.47,2670601.16
2026-05-01,A1,Civil/Structural,15360000.0,2934171.17,2899112.71,2903063.48
2026-05-08,A1,Civil/Structural,15360000.0,3190932.4,3236676.33,3185351.62
2026-05-15,A1,Civil/Structural,15360000.0,3462790.86,3512157.18,3475106.37
2026-05-22,A1,Civil/Structural,15360000.0,3749639.49,3760321.55,3768830.58
2026-05-29,A1,Civil/Structural,15360000.0,4051201.43,4005353.44,4001758.22
2026-06-05,A1,Civil/Structural,15360000.0,4367016.52,4396520.15,4343168.46
2026-06-12,A1,Civil/Structural,15360000.0,4696431.38,4726511.15,4696992.13
2026-06-19,A1,Civil/Structural,15360000.0,5038593.86,5004276.93,4992974.3
2026-06-26,A1,Civil/Structural,15360000.0,5392452.84,5415720.92,5360955.16
2026-07-03,A1,Civil/Structural,15360000.0,5756763.7,5752588.83,5716818.04
2026-07-10,A1,Civil/Structural,15360000.0,6130100.22,6112527.11,6059333.88
2026-07-17,A1,Civil/Structural,15360000.0,6510872.67,6467684.22,6446907.55
2026-07-24,A1,Civil/Structural,15360000.0,6897351.98,6816246.71,6723540.6
2026-07-31,A1,Civil/Structural,15360000.0,7287699.31,7287103.27,7241603.45
2026-08-07,A1,Civil/Structural,15360000.0,7680000.0,7595813.77,7467777.02
2026-08-14,A1,Civil/Structural,15360000.0,8072300.69,7964015.4,7823785.49
2026-08-21,A1,Civil/Structural,15360000.0,8462648.02,8507865.83,8509339.22
2026-08-28,A1,Civil/Structural,15360000.0,8849127.33,8817969.46,8767162.5
2026-09-04,A1,Civil/Structural,15360000.0,9229899.78,9133743.6,9069560.72
2026-09-11,A1,Civil/Structural,15360000.0,9603236.3,9486941.19,9316530.28
2026-09-18,A1,Civil/Structural,15360000.0,9967547.16,10042785.12,9998542.79
2026-09-25,A1,Civil/Structural,15360000.0,10321406.14,10412048.13,10248179.53
2025-10-03,A1,Mechanical,13440000.0,15686.35,15762.63,15710.33
2025-10-10,A1,Mechanical,13440000.0,32980.37,32744.56,32535.86
2025-10-17,A1,Mechanical,13440000.0,52042.04,52603.59,52474.22
2025-10-24,A1,Mechanical,13440000.0,73046.19,74037.97,73086.14
2025-10-31,A1,Mechanical,13440000.0,96183.68,95982.87,96425.85
2025-11-07,A1,Mechanical,13440000.0,121662.6,121237.86,120330.96
2025-11-14,A1,Mechanical,13440000.0,149709.47,149154.06,148449.81
2025-11-21,A1,Mechanical,13440000.0,180570.49,178039.94,177519.81
2025-11-28,A1,Mechanical,13440000.0,214512.76,216831.82,215074.39
2025-12-05,A1,Mechanical,13440000.0,251825.46,253382.18,252245.94
2025-12-12,A1,Mechanical,13440000.0,292820.95,289610.07,289566.18
2025-12-19,A1,Mechanical,13440000.0,337835.84,337708.7,333536.13
2025-12-26,A1,Mechanical,13440000.0,387231.79,389265.04,388671.59
2026-01-02,A1,Mechanical,13440000.0,441396.19,443850.89,442339.18
2026-01-09,A1,Mechanical,13440000.0,500742.48,500380.61,501419.73
2026-01-16,A1,Mechanical,13440000.0,565710.23,565823.68,561711.09
2026-01-23,A1,Mechanical,13440000.0,636764.61,636663.19,639291.98
2026-01-30,A1,Mechanical,13440000.0,714395.44,716901.68,710951.46
2026-02-06,A1,Mechanical,13440000.0,799115.53,810569.65,803214.97
2026-02-13,A1,Mechanical,13440000.0,891458.23,878839.11,865936.78
2026-02-20,A1,Mechanical,13440000.0,991974.06,1002000.95,993211.81
2026-02-27,A1,Mechanical,13440000.0,1101226.31,1109223.1,1092246.96
2026-03-06,A1,Mechanical,13440000.0,1219785.49,1234106.12,1222769.86
2026-03-13,A1,Mechanical,13440000.0,1348222.45,1331936.6,1319629.7
2026-03-20,A1,Mechanical,13440000.0,1487100.13,1480736.8,1467040.92
2026-03-27,A1,Mechanical,13440000.0,1636963.84,1644882.16,1626064.04
2026-04-03,A1,Mechanical,13440000.0,1798330.1,1806319.16,1797796.53
2026-04-10,A1,Mechanical,13440000.0,1971673.99,1995948.59,1965370.32
2026-04-17,A1,Mechanical,13440000.0,2157415.19,2144788.64,2123242.53
2026-04-24,A1,Mechanical,13440000.0,2355902.87,2321957.51,2297797.94
2026-05-01,A1,Mechanical,13440000.0,2567399.78,2564388.94,2564730.23
2026-05-08,A1,Mechanical,13440000.0,2792065.85,2797765.81,2799881.02
2026-05-15,A1,Mechanical,13440000.0,3029942.0,3008728.06,2998332.12
2026-05-22,A1,Mechanical,13440000.0,3280934.55,3289595.16,3296719.26
2026-05-29,A1,Mechanical,13440000.0,3544801.25,3531799.37,3497238.5
2026-06-05,A1,Mechanical,13440000.0,3821139.46,3829454.86,3823247.98
2026-06-12,A1,Mechanical,13440000.0,4109377.45,4060071.91,4042222.9
2026-06-19,A1,Mechanical,13440000.0,4408769.63,4387074.18,4352209.27
2026-06-26,A1,Mechanical,13440000.0,4718396.23,4755893.88,4702074.2
2026-07-03,A1,Mechanical,13440000.0,5037168.24,5054520.46,4999046.15
2026-07-10,A1,Mechanical,13440000.0,5363837.69,5353537.7,5308267.98
2026-07-17,A1,Mechanical,13440000.0,5697013.59,5756376.6,5740070.82
2026-07-24,A1,Mechanical,13440000.0,6035182.99,6096810.74,6048357.88
2026-07-31,A1,Mechanical,13440000.0,6376736.9,6336057.57,6223538.18
2026-08-07,A1,Mechanical,13440000.0,6720000.0,6820039.5,6745962.3
2026-08-14,A1,Mechanical,13440000.0,7063263.1,7005178.92,6975498.85
2026-08-21,A1,Mechanical,13440000.0,7404817.01,7314172.69,7296903.56
2026-08-28,A1,Mechanical,13440000.0,7742986.41,7648847.25,7552890.07
2026-09-04,A1,Mechanical,13440000.0,8076162.31,7971318.32,7943606.21
2026-09-11,A1,Mechanical,13440000.0,8402831.76,8396597.29,8267929.9
2026-09-18,A1,Mechanical,13440000.0,8721603.77,8798960.49,8739976.05
2026-09-25,A1,Mechanical,13440000.0,9031230.37,8977543.41,8943312.72
2025-10-03,A1,Electrical,11520000.0,13445.44,13418.38,13387.15
2025-10-10,A1,Electrical,11520000.0,28268.89,28014.54,27868.76
2025-10-17,A1,Electrical,11520000.0,44607.47,44774.69,44581.24
2025-10-24,A1,Electrical,11520000.0,62611.02,63105.85,62481.96
2025-10-31,A1,Electrical,11520000.0,82443.16,81252.52,81284.9
2025-11-07,A1,Electrical,11520000.0,104282.23,105416.95,105179.28
2025-11-14,A1,Electrical,11520000.0,128322.4,127217.37,127890.12
2025-11-21,A1,Electrical,11520000.0,154774.71,155899.34,155166.36
2025-11-28,A1,Electrical,11520000.0,183868.08,186279.49,185621.78
2025-12-05,A1,Electrical,11520000.0,215850.39,216591.33,216817.57
2025-12-12,A1,Electrical,11520000.0,250989.39,250490.35,249706.23
2025-12-19,A1,Electrical,11520000.0,289573.58,290674.76,289472.64
2025-12-26,A1,Electrical,11520000.0,331912.96,330561.5,326686.33
2026-01-02,A1,Electrical,11520000.0,378339.59,374372.39,373940.02
2026-01-09,A1,Electrical,11520000.0,429207.84,426636.15,423965.01
2026-01-16,A1,Electrical,11520000.0,484894.48,482256.46,482962.22
2026-01-23,A1,Electrical,11520000.0,545798.24,538666.19,532667.15
2026-01-30,A1,Electrical,11520000.0,612338.95,610730.43,611382.96
2026-02-06,A1,Electrical,11520000.0,684956.17,687957.16,680838.76
2026-02-13,A1,Electrical,11520000.0,764107.06,766427.62,760674.2
2026-02-20,A1,Electrical,11520000.0,850263.48,840406.17,830411.47
2026-02-27,A1,Electrical,11520000.0,943908.26,936703.98,937273.15
2026-03-06,A1,Electrical,11520000.0,1045530.42,1044406.26,1039350.5
2026-03-13,A1,Electrical,11520000.0,1155619.25,1153405.06,1149666.35
2026-03-20,A1,Electrical,11520000.0,1274657.25,1256952.41,1240532.3
2026-03-27,A1,Electrical,11520000.0,1403111.86,1387808.01,1372228.29
2026-04-03,A1,Electrical,11520000.0,1541425.8,1555462.25,1550167.27
2026-04-10,A1,Electrical,11520000.0,1690006.28,1673578.67,1674105.79
2026-04-17,A1,Electrical,11520000.0,1849213.02,1874942.24,1861628.15
2026-04-24,A1,Electrical,11520000.0,2019345.32,1990261.22,1990640.06
2026-05-01,A1,Electrical,11520000.0,2200628.38,2173159.89,2162152.38
2026-05-08,A1,Electrical,11520000.0,2393199.3,2419560.76,2421349.92
2026-05-15,A1,Electrical,11520000.0,2597093.14,2589847.79,2563801.96
2026-05-22,A1,Electrical,11520000.0,2812229.62,2825511.55,2781406.4
2026-05-29,A1,Electrical,11520000.0,3038401.07,3078796.2,3069074.08
2026-06-05,A1,Electrical,11520000.0,3275262.39,3239944.6,3189916.89
2026-06-12,A1,Electrical,11520000.0,3522323.53,3547101.01,3549653.74
2026-06-19,A1,Electrical,11520000.0,3778945.4,3781434.69,3775856.56
2026-06-26,A1,Electrical,11520000.0,4044339.63,4098898.72,4100651.43
2026-07-03,A1,Electrical,11520000.0,4317572.77,4285425.17,4282696.51
2026-07-10,A1,Electrical,11520000.0,4597575.17,4561448.83,4488982.81
2026-07-17,A1,Electrical,11520000.0,4883154.5,4928082.54,4869380.01
2026-07-24,A1,Electrical,11520000.0,5173013.99,5186100.61,5129885.07
2026-07-31,A1,Electrical,11520000.0,5465774.48,5506501.21,5429280.44
2026-08-07,A1,Electrical,11520000.0,5760000.0,5746671.76,5654893.36
2026-08-14,A1,Electrical,11520000.0,6054225.52,5995224.84,5996800.0
2026-08-21,A1,Electrical,11520000.0,6346986.01,6335461.55,6246446.11
2026-08-28,A1,Electrical,11520000.0,6636845.5,6654661.63,6591419.08
2026-09-04,A1,Electrical,11520000.0,6922424.83,6896404.47,6892585.0
2026-09-11,A1,Electrical,11520000.0,7202427.23,7162775.69,7083384.23
2026-09-18,A1,Electrical,11520000.0,7475660.37,7516643.09,7512670.44
2026-09-25,A1,Electrical,11520000.0,7741054.6,7829171.07,7819915.86
2025-10-03,A1,Process Piping,7680000.0,8963.63,8926.79,8937.29
2025-10-10,A1,Process Piping,7680000.0,18845.93,19027.62,18784.0
2025-10-17,A1,Process Piping,7680000.0,29738.31,30154.77,30116.19
2025-10-24,A1,Process Piping,7680000.0,41740.68,42168.28,42156.14
2025-10-31,A1,Process Piping,7680000.0,54962.1,55689.0,55697.16
2025-11-07,A1,Process Piping,7680000.0,69521.49,70123.83,69494.65
2025-11-14,A1,Process Piping,7680000.0,85548.27,85683.59,85022.32
2025-11-21,A1,Process Piping,7680000.0,103183.14,104602.37,103892.96
2025-11-28,A1,Process Piping,7680000.0,122578.72,123726.98,122278.17
2025-12-05,A1,Process Piping,7680000.0,143900.26,145484.4,145892.84
2025-12-12,A1,Process Piping,7680000.0,167326.26,166766.41,167385.53
2025-12-19,A1,Process Piping,7680000.0,193049.05,192429.22,193379.27
2025-12-26,A1,Process Piping,7680000.0,221275.31,219652.48,216826.12
2026-01-02,A1,Process Piping,7680000.0,252226.39,254668.25,252094.0
2026-01-09,A1,Process Piping,7680000.0,286138.56,283652.47,284444.14
2026-01-16,A1,Process Piping,7680000.0,323262.99,327296.25,326480.15
2026-01-23,A1,Process Piping,7680000.0,363865.49,368007.74,368032.69
2026-01-30,A1,Process Piping,7680000.0,408225.97,407078.31,401117.34
2026-02-06,A1,Process Piping,7680000.0,456637.45,461657.42,462084.68
2026-02-13,A1,Process Piping,7680000.0,509404.7,516136.42,512931.39
2026-02-20,A1,Process Piping,7680000.0,566842.32,565362.2,565937.38
2026-02-27,A1,Process Piping,7680000.0,629272.18,633376.02,634384.64
2026-03-06,A1,Process Piping,7680000.0,697020.28,703716.72,704011.44
2026-03-13,A1,Process Piping,7680000.0,770412.83,775000.23,770322.41
2026-03-20,A1,Process Piping,7680000.0,849771.5,845994.86,842387.53
2026-03-27,A1,Process Piping,7680000.0,935407.91,944203.4,942598.29
2026-04-03,A1,Process Piping,7680000.0,1027617.2,1026176.33,1009811.15
2026-04-10,A1,Process Piping,7680000.0,1126670.85,1111531.74,1107224.12
2026-04-17,A1,Process Piping,7680000.0,1232808.68,1237622.42,1236336.35
2026-04-24,A1,Process Piping,7680000.0,1346230.21,1331533.1,1319650.11
2026-05-01,A1,Process Piping,7680000.0,1467085.59,1472732.24,1456853.26
2026-05-08,A1,Process Piping,7680000.0,1595466.2,1575470.16,1553400.31
2026-05-15,A1,Process Piping,7680000.0,1731395.43,1732245.5,1735673.01
2026-05-22,A1,Process Piping,7680000.0,1874819.74,1893415.41,1889149.34
2026-05-29,A1,Process Piping,7680000.0,2025600.71,2046684.81,2038658.67
2026-06-05,A1,Process Piping,7680000.0,2183508.26,2202677.87,2177735.42
2026-06-12,A1,Process Piping,7680000.0,2348215.69,2346691.61,2339171.71
2026-06-19,A1,Process Piping,7680000.0,2519296.93,2501209.38,2490497.25
2026-06-26,A1,Process Piping,7680000.0,2696226.42,2722657.68,2716691.1
2026-07-03,A1,Process Piping,7680000.0,2878381.85,2852361.02,2823950.36
2026-07-10,A1,Process Piping,7680000.0,3065050.11,3035799.35,3032973.07
2026-07-17,A1,Process Piping,7680000.0,3255436.34,3298872.69,3295885.94
2026-07-24,A1,Process Piping,7680000.0,3448675.99,3420171.35,3420947.29
2026-07-31,A1,Process Piping,7680000.0,3643849.65,3690102.39,3668432.4
2026-08-07,A1,Process Piping,7680000.0,3840000.0,3854587.47,3851290.24
2026-08-14,A1,Process Piping,7680000.0,4036150.35,4093559.85,4032030.66
2026-08-21,A1,Process Piping,7680000.0,4231324.01,4256872.04,4189844.88
2026-08-28,A1,Process Piping,7680000.0,4424563.66,4411427.34,4364131.75
2026-09-04,A1,Process Piping,7680000.0,4614949.89,4581744.09,4501176.56
2026-09-11,A1,Process Piping,7680000.0,4801618.15,4782592.24,4779173.23
2026-09-18,A1,Process Piping,7680000.0,4983773.58,4926562.43,4900078.95
2026-09-25,A1,Process Piping,7680000.0,5160703.07,5150664.27,5142843.15
2025-10-03,A2,Civil/Structural,9920000.0,11578.02,11555.77,12088.29
2025-10-10,A2,Civil/Structural,9920000.0,24342.66,24038.4,25211.73
2025-10-17,A2,Civil/Structural,9920000.0,38411.98,37994.49,40039.26
2025-10-24,A2,Civil/Structural,9920000.0,53915.05,54255.37,56626.32
2025-10-31,A2,Civil/Structural,9920000.0,70992.72,70791.02,73784.51
2025-11-07,A2,Civil/Structural,9920000.0,89798.59,90468.12,95359.99
2025-11-14,A2,Civil/Structural,9920000.0,110499.85,111722.8,117232.33
2025-11-21,A2,Civil/Structural,9920000.0,133278.22,133415.01,140631.83
2025-11-28,A2,Civil/Structural,9920000.0,158330.85,157138.44,165036.73
2025-12-05,A2,Civil/Structural,9920000.0,185871.17,183716.18,193755.87
2025-12-12,A2,Civil/Structural,9920000.0,216129.75,215620.34,230777.38
2025-12-19,A2,Civil/Structural,9920000.0,249355.03,246790.2,263454.27
2025-12-26,A2,Civil/Structural,9920000.0,285813.94,283476.07,299104.73
2026-01-02,A2,Civil/Structural,9920000.0,325792.42,319801.64,340194.06
2026-01-09,A2,Civil/Structural,9920000.0,369595.64,368761.98,395871.72
2026-01-16,A2,Civil/Structural,9920000.0,417548.03,416634.49,448287.16
2026-01-23,A2,Civil/Structural,9920000.0,469992.92,469030.49,501048.88
2026-01-30,A2,Civil/Structural,9920000.0,527291.87,515889.16,549942.41
2026-02-06,A2,Civil/Structural,9920000.0,589823.37,580919.01,622625.85
2026-02-13,A2,Civil/Structural,9920000.0,657981.08,658934.82,718403.59
2026-02-20,A2,Civil/Structural,9920000.0,732171.33,733512.7,800742.79
2026-02-27,A2,Civil/Structural,9920000.0,812809.89,805640.14,877309.84
2026-03-06,A2,Civil/Structural,9920000.0,900317.86,877149.03,947558.19
2026-03-13,A2,Civil/Structural,9920000.0,995116.57,985905.56,1068100.26
2026-03-20,A2,Civil/Structural,9920000.0,1097621.53,1079565.31,1173386.74
2026-03-27,A2,Civil/Structural,9920000.0,1208235.22,1208211.48,1320675.5
2026-04-03,A2,Civil/Structural,9920000.0,1327338.89,1311384.06,1427583.75
2026-04-10,A2,Civil/Structural,9920000.0,1455283.18,1433712.09,1584771.74
2026-04-17,A2,Civil/Structural,9920000.0,1592377.88,1585522.52,1728113.45
2026-04-24,A2,Civil/Structural,9920000.0,1738880.69,1701681.18,1873175.59
2026-05-01,A2,Civil/Structural,9920000.0,1894985.55,1843628.05,2016496.47
2026-05-08,A2,Civil/Structural,9920000.0,2060810.51,1997938.45,2189945.51
2026-05-15,A2,Civil/Structural,9920000.0,2236385.76,2221523.05,2474439.65
2026-05-22,A2,Civil/Structural,9920000.0,2421642.17,2395407.43,2678103.24
2026-05-29,A2,Civil/Structural,9920000.0,2616400.92,2550840.88,2854577.16
2026-06-05,A2,Civil/Structural,9920000.0,2820364.84,2775585.62,3104947.12
2026-06-12,A2,Civil/Structural,9920000.0,3033111.93,2952186.26,3279356.68
2026-06-19,A2,Civil/Structural,9920000.0,3254091.87,3225699.08,3590302.03
2026-06-26,A2,Civil/Structural,9920000.0,3482625.79,3460783.96,3894150.92
2026-07-03,A2,Civil/Structural,9920000.0,3717909.89,3600527.29,4066485.35
2026-07-10,A2,Civil/Structural,9920000.0,3959023.06,3890740.4,4398021.97
2026-07-17,A2,Civil/Structural,9920000.0,4204938.6,4055650.25,4534056.32
2026-07-24,A2,Civil/Structural,9920000.0,4454539.82,4317109.87,4824812.21
2026-07-31,A2,Civil/Structural,9920000.0,4706639.14,4563128.32,5178876.9
2026-08-07,A2,Civil/Structural,9920000.0,4960000.0,4831727.79,5526139.74
2026-08-14,A2,Civil/Structural,9920000.0,5213360.86,5150635.96,5790905.14
2026-08-21,A2,Civil/Structural,9920000.0,5465460.18,5305523.51,6057421.0
2026-08-28,A2,Civil/Structural,9920000.0,5715061.4,5566283.22,6340285.56
2026-09-04,A2,Civil/Structural,9920000.0,5960976.94,5865426.53,6744309.34
2026-09-11,A2,Civil/Structural,9920000.0,6202090.11,5968544.44,6770906.75
2026-09-18,A2,Civil/Structural,9920000.0,6437374.21,6331445.7,7209497.34
2026-09-25,A2,Civil/Structural,9920000.0,6665908.13,6416546.47,7369288.6
2025-10-03,A2,Mechanical,8680000.0,10130.77,10056.35,10565.33
2025-10-10,A2,Mechanical,8680000.0,21299.82,21331.79,22315.09
2025-10-17,A2,Mechanical,8680000.0,33610.49,34031.5,35623.77
2025-10-24,A2,Mechanical,8680000.0,47175.67,47174.99,49363.57
2025-10-31,A2,Mechanical,8680000.0,62118.63,61166.49,64572.61
2025-11-07,A2,Mechanical,8680000.0,78573.76,78738.0,83471.51
2025-11-14,A2,Mechanical,8680000.0,96687.37,94956.53,100436.52
2025-11-21,A2,Mechanical,8680000.0,116618.44,116750.15,123005.95
2025-11-28,A2,Mechanical,8680000.0,138539.49,138248.16,147552.12
2025-12-05,A2,Mechanical,8680000.0,162637.27,163405.26,171960.89
2025-12-12,A2,Mechanical,8680000.0,189113.53,185641.21,198388.82
2025-12-19,A2,Mechanical,8680000.0,218185.65,217826.85,231468.51
2025-12-26,A2,Mechanical,8680000.0,250087.2,251744.78,268756.58
2026-01-02,A2,Mechanical,8680000.0,285068.37,278745.04,300367.19
2026-01-09,A2,Mechanical,8680000.0,323396.19,322312.07,347827.43
2026-01-16,A2,Mechanical,8680000.0,365354.52,360334.17,387887.9
2026-01-23,A2,Mechanical,8680000.0,411243.81,410379.86,444572.43
2026-01-30,A2,Mechanical,8680000.0,461380.39,457899.2,489627.77
2026-02-06,A2,Mechanical,8680000.0,516095.45,503948.8,544569.27
2026-02-13,A2,Mechanical,8680000.0,575733.44,566570.67,606190.27
2026-02-20,A2,Mechanical,8680000.0,640649.91,625316.57,682422.87
2026-02-27,A2,Mechanical,8680000.0,711208.66,700362.83,757364.13
2026-03-06,A2,Mechanical,8680000.0,787778.13,770598.38,844357.36
2026-03-13,A2,Mechanical,8680000.0,870727.0,869007.41,937423.8
2026-03-20,A2,Mechanical,8680000.0,960418.83,957629.88,1036513.97
2026-03-27,A2,Mechanical,8680000.0,1057205.81,1051287.41,1142840.3
2026-04-03,A2,Mechanical,8680000.0,1161421.52,1153370.15,1265504.28
2026-04-10,A2,Mechanical,8680000.0,1273372.79,1240080.07,1358792.66
2026-04-17,A2,Mechanical,8680000.0,1393330.64,1368996.78,1512390.8
2026-04-24,A2,Mechanical,8680000.0,1521520.6,1488646.92,1643733.53
2026-05-01,A2,Mechanical,8680000.0,1658112.36,1612660.43,1783377.53
2026-05-08,A2,Mechanical,8680000.0,1803209.2,1790090.69,1977336.04
2026-05-15,A2,Mechanical,8680000.0,1956837.54,1921798.74,2142744.49
2026-05-22,A2,Mechanical,8680000.0,2118936.9,2079042.98,2307661.98
2026-05-29,A2,Mechanical,8680000.0,2289350.81,2241431.33,2502328.16
2026-06-05,A2,Mechanical,8680000.0,2467819.23,2443019.37,2724886.48
2026-06-12,A2,Mechanical,8680000.0,2653972.94,2596458.3,2890749.01
2026-06-19,A2,Mechanical,8680000.0,2847330.39,2751164.34,3063740.91
2026-06-26,A2,Mechanical,8680000.0,3047297.57,2980648.62,3317896.98
2026-07-03,A2,Mechanical,8680000.0,3253171.15,3201558.2,3565762.89
2026-07-10,A2,Mechanical,8680000.0,3464145.18,3387920.37,3816801.77
2026-07-17,A2,Mechanical,8680000.0,3679321.28,3599567.39,4035689.95
2026-07-24,A2,Mechanical,8680000.0,3897722.34,3801177.44,4322931.66
2026-07-31,A2,Mechanical,8680000.0,4118309.25,4018965.07,4510647.62
2026-08-07,A2,Mechanical,8680000.0,4340000.0,4188541.31,4781758.64
2026-08-14,A2,Mechanical,8680000.0,4561690.75,4495370.31,5103388.82
2026-08-21,A2,Mechanical,8680000.0,4782277.66,4633795.49,5220814.97
2026-08-28,A2,Mechanical,8680000.0,5000678.72,4810758.94,5430610.81
2026-09-04,A2,Mechanical,8680000.0,5215854.82,5019755.62,5721273.85
2026-09-11,A2,Mechanical,8680000.0,5426828.85,5217854.02,5987007.71
2026-09-18,A2,Mechanical,8680000.0,5632702.43,5490749.7,6261365.08
2026-09-25,A2,Mechanical,8680000.0,5832669.61,5629205.27,6409843.65
2025-10-03,A2,Electrical,7440000.0,8683.51,8679.78,8978.48
2025-10-10,A2,Electrical,7440000.0,18256.99,18325.92,19016.02
2025-10-17,A2,Electrical,7440000.0,28808.99,28488.68,29742.29
2025-10-24,A2,Electrical,7440000.0,40436.28,39845.59,42078.65
2025-10-31,A2,Electrical,7440000.0,53244.54,52780.19,55518.64
2025-11-07,A2,Electrical,7440000.0,67348.94,67042.79,70766.97
2025-11-14,A2,Electrical,7440000.0,82874.89,82872.16,86927.69
2025-11-21,A2,Electrical,7440000.0,99958.67,100925.78,107350.62
2025-11-28,A2,Electrical,7440000.0,118748.14,117069.13,123050.35
2025-12-05,A2,Electrical,7440000.0,139403.38,139687.48,148334.35
2025-12-12,A2,Electrical,7440000.0,162097.31,162942.88,171625.7
2025-12-19,A2,Electrical,7440000.0,187016.27,186011.0,195886.66
2025-12-26,A2,Electrical,7440000.0,214360.46,210426.24,222751.37
2026-01-02,A2,Electrical,7440000.0,244344.32,242353.41,259714.37
2026-01-09,A2,Electrical,7440000.0,277196.73,278021.37,300119.18
2026-01-16,A2,Electrical,7440000.0,313161.02,311437.76,333618.53
2026-01-23,A2,Electrical,7440000.0,352494.69,350540.49,379871.61
2026-01-30,A2,Electrical,7440000.0,395468.9,390035.94,420941.85
2026-02-06,A2,Electrical,7440000.0,442367.53,440384.67,473521.84
2026-02-13,A2,Electrical,7440000.0,493485.81,485331.54,519999.01
2026-02-20,A2,Electrical,7440000.0,549128.5,535059.61,574201.4
2026-02-27,A2,Electrical,7440000.0,609607.42,593704.98,649380.9
2026-03-06,A2,Electrical,7440000.0,675238.4,674138.82,727601.97
2026-03-13,A2,Electrical,7440000.0,746337.43,740069.41,807358.89
2026-03-20,A2,Electrical,7440000.0,823216.14,810675.27,885636.54
2026-03-27,A2,Electrical,7440000.0,906176.41,901385.49,978033.39
2026-04-03,A2,Electrical,7440000.0,995504.16,975308.91,1066063.75
2026-04-10,A2,Electrical,7440000.0,1091462.39,1074324.24,1166124.53
2026-04-17,A2,Electrical,7440000.0,1194283.41,1164033.91,1269243.17
2026-04-24,A2,Electrical,7440000.0,1304160.52,1291093.74,1433522.17
2026-05-01,A2,Electrical,7440000.0,1421239.16,1396545.82,1550365.86
2026-05-08,A2,Electrical,7440000.0,1545607.88,1523113.86,1671960.48
2026-05-15,A2,Electrical,7440000.0,1677289.32,1651201.19,1839152.34
2026-05-22,A2,Electrical,7440000.0,1816231.63,1759272.12,1931072.86
2026-05-29,A2,Electrical,7440000.0,1962300.69,1933204.88,2156361.25
2026-06-05,A2,Electrical,7440000.0,2115273.63,2104503.55,2358309.41
2026-06-12,A2,Electrical,7440000.0,2274833.95,2245804.03,2508855.39
2026-06-19,A2,Electrical,7440000.0,2440568.9,2395002.14,2664385.46
2026-06-26,A2,Electrical,7440000.0,2611969.34,2556681.0,2860947.27
2026-07-03,A2,Electrical,7440000.0,2788432.42,2736399.1,3075702.07
2026-07-10,A2,Electrical,7440000.0,2969267.29,2919906.68,3301821.2
2026-07-17,A2,Electrical,7440000.0,3153703.95,3081941.97,3484745.08
2026-07-24,A2,Electrical,7440000.0,3340904.87,3267059.02,3679735.33
2026-07-31,A2,Electrical,7440000.0,3529979.35,3428098.78,3840899.94
2026-08-07,A2,Electrical,7440000.0,3720000.0,3673512.81,4153369.06
2026-08-14,A2,Electrical,7440000.0,3910020.65,3811044.06,4324056.5
2026-08-21,A2,Electrical,7440000.0,4099095.13,4048972.08,4589437.34
2026-08-28,A2,Electrical,7440000.0,4286296.05,4201314.84,4740316.72
2026-09-04,A2,Electrical,7440000.0,4470732.71,4326208.18,4907818.45
2026-09-11,A2,Electrical,7440000.0,4651567.58,4506316.23,5126387.73
2026-09-18,A2,Electrical,7440000.0,4828030.66,4657213.93,5380834.84
2026-09-25,A2,Electrical,7440000.0,4999431.1,4837324.95,5565952.82
2025-10-03,A2,Process Piping,4960000.0,5789.01,5845.37,6112.71
2025-10-10,A2,Process Piping,4960000.0,12171.33,12023.81,12505.18
2025-10-17,A2,Process Piping,4960000.0,19205.99,19296.86,20374.89
2025-10-24,A2,Process Piping,4960000.0,26957.52,27168.81,28575.44
2025-10-31,A2,Process Piping,4960000.0,35496.36,35650.84,37656.85
2025-11-07,A2,Process Piping,4960000.0,44899.29,45158.09,47832.16
2025-11-14,A2,Process Piping,4960000.0,55249.92,55244.86,57968.62
2025-11-21,A2,Process Piping,4960000.0,66639.11,66850.96,70818.24
2025-11-28,A2,Process Piping,4960000.0,79165.42,77908.78,81912.97
2025-12-05,A2,Process Piping,4960000.0,92935.58,92733.19,97484.64
2025-12-12,A2,Process Piping,4960000.0,108064.87,107160.12,114889.62
2025-12-19,A2,Process Piping,4960000.0,124677.51,123149.87,130221.45
2025-12-26,A2,Process Piping,4960000.0,142906.97,139987.72,147728.85
2026-01-02,A2,Process Piping,4960000.0,162896.21,163527.47,174072.94
2026-01-09,A2,Process Piping,4960000.0,184797.82,181441.91,195328.33
2026-01-16,A2,Process Piping,4960000.0,208774.01,209441.97,222317.45
2026-01-23,A2,Process Piping,4960000.0,234996.46,229817.61,246366.61
2026-01-30,A2,Process Piping,4960000.0,263645.94,262035.86,279681.64
2026-02-06,A2,Process Piping,4960000.0,294911.68,289506.96,310435.37
2026-02-13,A2,Process Piping,4960000.0,328990.54,323922.16,348669.68
2026-02-20,A2,Process Piping,4960000.0,366085.66,357062.61,389097.94
2026-02-27,A2,Process Piping,4960000.0,406404.95,398834.94,429154.62
2026-03-06,A2,Process Piping,4960000.0,450158.93,447173.22,485609.22
2026-03-13,A2,Process Piping,4960000.0,497558.29,493687.03,539183.18
2026-03-20,A2,Process Piping,4960000.0,548810.76,548423.84,596885.46
2026-03-27,A2,Process Piping,4960000.0,604117.61,594974.43,654020.59
2026-04-03,A2,Process Piping,4960000.0,663669.44,646477.75,701577.45
2026-04-10,A2,Process Piping,4960000.0,727641.59,719153.15,792589.41
2026-04-17,A2,Process Piping,4960000.0,796188.94,794395.33,877904.42
2026-04-24,A2,Process Piping,4960000.0,869440.35,843773.54,920918.23
2026-05-01,A2,Process Piping,4960000.0,947492.77,935459.62,1038722.49
2026-05-08,A2,Process Piping,4960000.0,1030405.26,1025307.31,1124502.36
2026-05-15,A2,Process Piping,4960000.0,1118192.88,1091662.02,1206445.19
2026-05-22,A2,Process Piping,4960000.0,1210821.08,1189075.17,1324298.58
2026-05-29,A2,Process Piping,4960000.0,1308200.46,1268348.17,1412898.34
2026-06-05,A2,Process Piping,4960000.0,1410182.42,1376244.25,1520447.34
2026-06-12,A2,Process Piping,4960000.0,1516555.96,1502176.21,1672876.1
2026-06-19,A2,Process Piping,4960000.0,1627045.94,1590042.12,1785876.51
2026-06-26,A2,Process Piping,4960000.0,1741312.9,1692065.79,1905672.34
2026-07-03,A2,Process Piping,4960000.0,1858954.94,1810636.66,2030824.54
2026-07-10,A2,Process Piping,4960000.0,1979511.53,1912133.78,2143144.13
2026-07-17,A2,Process Piping,4960000.0,2102469.3,2071088.05,2325282.21
2026-07-24,A2,Process Piping,4960000.0,2227269.91,2186963.02,2449866.24
2026-07-31,A2,Process Piping,4960000.0,2353319.57,2315572.51,2613157.28
2026-08-07,A2,Process Piping,4960000.0,2480000.0,2400742.1,2735256.48
2026-08-14,A2,Process Piping,4960000.0,2606680.43,2536124.58,2872597.61
2026-08-21,A2,Process Piping,4960000.0,2732730.09,2660932.92,3046714.16
2026-08-28,A2,Process Piping,4960000.0,2857530.7,2808986.86,3191184.07
2026-09-04,A2,Process Piping,4960000.0,2980488.47,2861651.09,3243322.59
2026-09-11,A2,Process Piping,4960000.0,3101045.06,2973976.12,3422254.91
2026-09-18,A2,Process Piping,4960000.0,3218687.1,3172812.03,3605848.75
2026-09-25,A2,Process Piping,4960000.0,3332954.06,3222516.25,3736022.84
2025-10-03,A3,Civil/Structural,2880000.0,3361.36,3328.69,3268.77
2025-10-10,A3,Civil/Structural,2880000.0,7067.22,7127.24,7080.68
2025-10-17,A3,Civil/Structural,2880000.0,11151.87,11211.14,11187.28
2025-10-24,A3,Civil/Structural,2880000.0,15652.76,15467.08,15345.13
2025-10-31,A3,Civil/Structural,2880000.0,20610.79,20779.6,20619.43
2025-11-07,A3,Civil/Structural,2880000.0,26070.56,26141.68,25741.42
2025-11-14,A3,Civil/Structural,2880000.0,32080.6,32065.9,31806.58
2025-11-21,A3,Civil/Structural,2880000.0,38693.68,38866.15,38247.43
2025-11-28,A3,Civil/Structural,2880000.0,45967.02,46449.87,46247.33
2025-12-05,A3,Civil/Structural,2880000.0,53962.6,53354.99,52438.29
2025-12-12,A3,Civil/Structural,2880000.0,62747.35,63045.28,62734.78
2025-12-19,A3,Civil/Structural,2880000.0,72393.39,73139.13,72065.91
2025-12-26,A3,Civil/Structural,2880000.0,82978.24,82624.37,81539.91
2026-01-02,A3,Civil/Structural,2880000.0,94584.9,95877.98,94785.64
2026-01-09,A3,Civil/Structural,2880000.0,107301.96,108513.3,107738.58
2026-01-16,A3,Civil/Structural,2880000.0,121223.62,122943.04,120847.18
2026-01-23,A3,Civil/Structural,2880000.0,136449.56,136027.71,133380.36
2026-01-30,A3,Civil/Structural,2880000.0,153084.74,151924.39,149007.57
2026-02-06,A3,Civil/Structural,2880000.0,171239.04,173560.04,171545.65
2026-02-13,A3,Civil/Structural,2880000.0,191026.76,190226.65,188887.11
2026-02-20,A3,Civil/Structural,2880000.0,212565.87,212764.85,207423.02
2026-02-27,A3,Civil/Structural,2880000.0,235977.07,238192.41,234126.59
2026-03-06,A3,Civil/Structural,2880000.0,261382.61,265552.24,259032.24
2026-03-13,A3,Civil/Structural,2880000.0,288904.81,287243.38,283671.02
2026-03-20,A3,Civil/Structural,2880000.0,318664.31,322389.07,314741.21
2026-03-27,A3,Civil/Structural,2880000.0,350777.97,356932.44,351725.93
2026-04-03,A3,Civil/Structural,2880000.0,385356.45,394739.45,384059.59
2026-04-10,A3,Civil/Structural,2880000.0,422501.57,421074.57,411688.75
2026-04-17,A3,Civil/Structural,2880000.0,462303.25,468849.51,458049.09
2026-04-24,A3,Civil/Structural,2880000.0,504836.33,503298.56,494435.01
2026-05-01,A3,Civil/Structural,2880000.0,550157.1,549959.39,536261.14
2026-05-08,A3,Civil/Structural,2880000.0,598299.83,609406.89,595846.39
2026-05-15,A3,Civil/Structural,2880000.0,649273.29,666408.81,655917.69
2026-05-22,A3,Civil/Structural,2880000.0,703057.4,721995.12,706964.93
2026-05-29,A3,Civil/Structural,2880000.0,759600.27,778151.1,762599.4
2026-06-05,A3,Civil/Structural,2880000.0,818815.6,830124.62,812693.93
2026-06-12,A3,Civil/Structural,2880000.0,880580.88,888159.69,863774.52
2026-06-19,A3,Civil/Structural,2880000.0,944736.35,965681.37,946915.63
2026-06-26,A3,Civil/Structural,2880000.0,1011084.91,1030408.17,1009980.04
2026-07-03,A3,Civil/Structural,2880000.0,1079393.19,1095390.46,1063279.67
2026-07-10,A3,Civil/Structural,2880000.0,1149393.79,1160126.71,1133253.25
2026-07-17,A3,Civil/Structural,2880000.0,1220788.63,1251019.32,1216170.97
2026-07-24,A3,Civil/Structural,2880000.0,1293253.5,1297190.33,1269422.23
2026-07-31,A3,Civil/Structural,2880000.0,1366443.62,1401495.25,1353767.06
2026-08-07,A3,Civil/Structural,2880000.0,1440000.0,1443824.15,1416789.62
2026-08-14,A3,Civil/Structural,2880000.0,1513556.38,1537215.53,1494608.12
2026-08-21,A3,Civil/Structural,2880000.0,1586746.5,1606936.92,1564293.38
2026-08-28,A3,Civil/Structural,2880000.0,1659211.37,1691995.78,1646213.65
2026-09-04,A3,Civil/Structural,2880000.0,1730606.21,1755199.34,1698331.76
2026-09-11,A3,Civil/Structural,2880000.0,1800606.81,1832553.12,1778179.26
2026-09-18,A3,Civil/Structural,2880000.0,1868915.09,1899384.27,1861043.63
2026-09-25,A3,Civil/Structural,2880000.0,1935263.65,1970426.07,1931517.81
2025-10-03,A3,Mechanical,2520000.0,2941.19,2970.82,2922.22
2025-10-10,A3,Mechanical,2520000.0,6183.82,6118.99,6085.2
2025-10-17,A3,Mechanical,2520000.0,9757.88,9659.68,9601.26
2025-10-24,A3,Mechanical,2520000.0,13696.16,13865.11,13614.88
2025-10-31,A3,Mechanical,2520000.0,18034.44,17910.76,17706.44
2025-11-07,A3,Mechanical,2520000.0,22811.74,23029.45,22972.1
2025-11-14,A3,Mechanical,2520000.0,28070.53,28030.08,27953.52
2025-11-21,A3,Mechanical,2520000.0,33856.97,34056.76,33584.79
2025-11-28,A3,Mechanical,2520000.0,40221.14,39890.91,39451.08
2025-12-05,A3,Mechanical,2520000.0,47217.27,46731.64,45812.05
2025-12-12,A3,Mechanical,2520000.0,54903.93,54906.13,54712.18
2025-12-19,A3,Mechanical,2520000.0,63344.22,63239.02,62360.65
2025-12-26,A3,Mechanical,2520000.0,72605.96,73578.79,72029.35
2026-01-02,A3,Mechanical,2520000.0,82761.78,83397.39,81455.31
2026-01-09,A3,Mechanical,2520000.0,93889.22,95506.36,94827.11
2026-01-16,A3,Mechanical,2520000.0,106070.67,105763.89,104824.63
2026-01-23,A3,Mechanical,2520000.0,119393.36,120074.65,117314.11
2026-01-30,A3,Mechanical,2520000.0,133949.14,134194.33,133033.37
2026-02-06,A3,Mechanical,2520000.0,149834.16,150473.37,148232.58
2026-02-13,A3,Mechanical,2520000.0,167148.42,168669.14,167177.45
2026-02-20,A3,Mechanical,2520000.0,185995.14,188965.51,185641.72
2026-02-27,A3,Mechanical,2520000.0,206479.93,209468.7,206240.48
2026-03-06,A3,Mechanical,2520000.0,228709.78,232392.14,228259.95
2026-03-13,A3,Mechanical,2520000.0,252791.71,254650.09,249749.73
2026-03-20,A3,Mechanical,2520000.0,278831.27,280880.0,277662.4
2026-03-27,A3,Mechanical,2520000.0,306930.72,308143.85,304092.17
2026-04-03,A3,Mechanical,2520000.0,337186.89,342103.9,334855.44
2026-04-10,A3,Mechanical,2520000.0,369688.87,370376.65,362283.67
2026-04-17,A3,Mechanical,2520000.0,404515.35,409188.97,404602.97
2026-04-24,A3,Mechanical,2520000.0,441731.79,451667.56,444464.88
2026-05-01,A3,Mechanical,2520000.0,481387.46,488823.92,482085.03
2026-05-08,A3,Mechanical,2520000.0,523512.35,532760.07,522144.44
2026-05-15,A3,Mechanical,2520000.0,568114.12,579886.78,569646.0
2026-05-22,A3,Mechanical,2520000.0,615175.23,623752.22,605377.35
2026-05-29,A3,Mechanical,2520000.0,664650.23,674119.63,654909.88
2026-06-05,A3,Mechanical,2520000.0,716463.65,728218.45,712661.53
2026-06-12,A3,Mechanical,2520000.0,770508.27,770173.35,753326.19
2026-06-19,A3,Mechanical,2520000.0,826644.31,830006.34,810003.14
2026-06-26,A3,Mechanical,2520000.0,884699.29,907646.35,879126.86
2026-07-03,A3,Mechanical,2520000.0,944469.04,970436.07,940702.73
2026-07-10,A3,Mechanical,2520000.0,1005719.57,1005655.82,986369.61
2026-07-17,A3,Mechanical,2520000.0,1068190.05,1075857.33,1053111.36
2026-07-24,A3,Mechanical,2520000.0,1131596.81,1162258.97,1131321.94
2026-07-31,A3,Mechanical,2520000.0,1195638.17,1225524.49,1196321.4
2026-08-07,A3,Mechanical,2520000.0,1260000.0,1276388.57,1231521.92
2026-08-14,A3,Mechanical,2520000.0,1324361.83,1360639.27,1311724.68
2026-08-21,A3,Mechanical,2520000.0,1388403.19,1408937.75,1368496.56
2026-08-28,A3,Mechanical,2520000.0,1451809.95,1492519.08,1446282.7
2026-09-04,A3,Mechanical,2520000.0,1514280.43,1529439.35,1475453.82
2026-09-11,A3,Mechanical,2520000.0,1575530.96,1584265.85,1529398.71
2026-09-18,A3,Mechanical,2520000.0,1635300.71,1647174.16,1592307.44
2026-09-25,A3,Mechanical,2520000.0,1693355.69,1703431.37,1647746.28
2025-10-03,A3,Electrical,2160000.0,2521.02,2514.9,2475.0
2025-10-10,A3,Electrical,2160000.0,5300.42,5322.4,5252.33
2025-10-17,A3,Electrical,2160000.0,8363.9,8254.05,8098.57
2025-10-24,A3,Electrical,2160000.0,11739.57,11717.45,11552.81
2025-10-31,A3,Electrical,2160000.0,15458.09,15445.07,15223.32
2025-11-07,A3,Electrical,2160000.0,19552.92,19521.45,19427.93
2025-11-14,A3,Electrical,2160000.0,24060.45,23846.06,23427.76
2025-11-21,A3,Electrical,2160000.0,29020.26,29322.94,29019.35
2025-11-28,A3,Electrical,2160000.0,34475.27,34578.3,34320.41
2025-12-05,A3,Electrical,2160000.0,40471.95,40475.78,39648.75
2025-12-12,A3,Electrical,2160000.0,47060.51,46621.84,45973.0
2025-12-19,A3,Electrical,2160000.0,54295.05,54374.7,53617.56
2025-12-26,A3,Electrical,2160000.0,62233.68,62347.83,61147.52
2026-01-02,A3,Electrical,2160000.0,70938.67,72117.68,70751.75
2026-01-09,A3,Electrical,2160000.0,80476.47,82030.61,81101.36
2026-01-16,A3,Electrical,2160000.0,90917.72,90739.07,89460.66
2026-01-23,A3,Electrical,2160000.0,102337.17,103836.67,101822.12
2026-01-30,A3,Electrical,2160000.0,114813.55,115225.1,112444.61
2026-02-06,A3,Electrical,2160000.0,128429.28,129823.64,126946.37
2026-02-13,A3,Electrical,2160000.0,143270.07,146314.32,143504.0
2026-02-20,A3,Electrical,2160000.0,159424.4,162953.2,161069.72
2026-02-27,A3,Electrical,2160000.0,176982.8,178568.05,175177.58
2026-03-06,A3,Electrical,2160000.0,196036.95,200079.92,196313.9
2026-03-13,A3,Electrical,2160000.0,216678.61,215256.25,211176.19
2026-03-20,A3,Electrical,2160000.0,238998.24,243505.23,237957.66
2026-03-27,A3,Electrical,2160000.0,263083.47,269275.89,261512.71
2026-04-03,A3,Electrical,2160000.0,289017.34,295586.72,289744.47
2026-04-10,A3,Electrical,2160000.0,316876.18,320970.48,316751.41
2026-04-17,A3,Electrical,2160000.0,346727.44,349043.11,340981.66
2026-04-24,A3,Electrical,2160000.0,378627.25,384183.67,376922.63
2026-05-01,A3,Electrical,2160000.0,412617.82,417295.05,404838.17
2026-05-08,A3,Electrical,2160000.0,448724.87,457086.82,447899.29
2026-05-15,A3,Electrical,2160000.0,486954.96,489721.99,478083.12
2026-05-22,A3,Electrical,2160000.0,527293.05,527631.29,512251.77
2026-05-29,A3,Electrical,2160000.0,569700.2,577767.1,562286.09
2026-06-05,A3,Electrical,2160000.0,614111.7,620702.8,607850.18
2026-06-12,A3,Electrical,2160000.0,660435.66,678306.13,660130.12
2026-06-19,A3,Electrical,2160000.0,708552.26,722048.73,702769.22
2026-06-26,A3,Electrical,2160000.0,758313.68,763324.78,748762.96
2026-07-03,A3,Electrical,2160000.0,809544.9,819893.79,795831.76
2026-07-10,A3,Electrical,2160000.0,862045.34,887285.75,862566.18
2026-07-17,A3,Electrical,2160000.0,915591.47,928143.59,906600.56
2026-07-24,A3,Electrical,2160000.0,969940.12,970466.87,949318.32
2026-07-31,A3,Electrical,2160000.0,1024832.72,1045438.49,1008208.57
2026-08-07,A3,Electrical,2160000.0,1080000.0,1096507.37,1076252.31
2026-08-14,A3,Electrical,2160000.0,1135167.28,1159711.29,1126822.25
2026-08-21,A3,Electrical,2160000.0,1190059.88,1224294.71,1196023.24
2026-08-28,A3,Electrical,2160000.0,1244408.53,1275612.08,1241572.55
2026-09-04,A3,Electrical,2160000.0,1297954.66,1331950.09,1298776.88
2026-09-11,A3,Electrical,2160000.0,1350455.1,1357042.83,1306425.99
2026-09-18,A3,Electrical,2160000.0,1401686.32,1441321.11,1404962.21
2026-09-25,A3,Electrical,2160000.0,1451447.74,1485922.24,1438680.79
2025-10-03,A3,Process Piping,1440000.0,1680.68,1697.05,1692.26
2025-10-10,A3,Process Piping,1440000.0,3533.61,3521.06,3464.37
2025-10-17,A3,Process Piping,1440000.0,5575.93,5626.75,5591.89
2025-10-24,A3,Process Piping,1440000.0,7826.38,7721.93,7635.23
2025-10-31,A3,Process Piping,1440000.0,10305.39,10458.83,10333.56
2025-11-07,A3,Process Piping,1440000.0,13035.28,12953.95,12684.93
2025-11-14,A3,Process Piping,1440000.0,16040.3,15974.64,15921.4
2025-11-21,A3,Process Piping,1440000.0,19346.84,19319.11,18929.74
2025-11-28,A3,Process Piping,1440000.0,22983.51,23135.53,22757.71
2025-12-05,A3,Process Piping,1440000.0,26981.3,27254.16,26761.41
2025-12-12,A3,Process Piping,1440000.0,31373.67,31490.53,30988.99
2025-12-19,A3,Process Piping,1440000.0,36196.7,36112.04,35908.66
2025-12-26,A3,Process Piping,1440000.0,41489.12,41939.69,41111.89
2026-01-02,A3,Process Piping,1440000.0,47292.45,47094.53,46714.95
2026-01-09,A3,Process Piping,1440000.0,53650.98,53768.97,53366.28
2026-01-16,A3,Process Piping,1440000.0,60611.81,61082.99,60149.37
2026-01-23,A3,Process Piping,1440000.0,68224.78,68743.79,67890.87
2026-01-30,A3,Process Piping,1440000.0,76542.37,77184.09,76230.69
2026-02-06,A3,Process Piping,1440000.0,85619.52,86366.38,84217.6
2026-02-13,A3,Process Piping,1440000.0,95513.38,95119.79,92716.17
2026-02-20,A3,Process Piping,1440000.0,106282.93,106304.36,104632.37
2026-02-27,A3,Process Piping,1440000.0,117988.53,117941.02,115931.88
2026-03-06,A3,Process Piping,1440000.0,130691.3,132875.76,129696.37
2026-03-13,A3,Process Piping,1440000.0,144452.41,146462.93,145203.2
2026-03-20,A3,Process Piping,1440000.0,159332.16,161679.11,158769.02
2026-03-27,A3,Process Piping,1440000.0,175388.98,175698.29,172561.84
2026-04-03,A3,Process Piping,1440000.0,192678.23,194259.06,192155.66
2026-04-10,A3,Process Piping,1440000.0,211250.78,214256.17,211874.93
2026-04-17,A3,Process Piping,1440000.0,231151.63,230395.39,227725.99
2026-04-24,A3,Process Piping,1440000.0,252418.16,254594.39,251827.05
2026-05-01,A3,Process Piping,1440000.0,275078.55,276225.23,271412.38
2026-05-08,A3,Process Piping,1440000.0,299149.91,302250.29,294982.28
2026-05-15,A3,Process Piping,1440000.0,324636.64,330997.95,326294.96
2026-05-22,A3,Process Piping,1440000.0,351528.7,352838.3,343507.95
2026-05-29,A3,Process Piping,1440000.0,379800.13,383604.39,374596.33
2026-06-05,A3,Process Piping,1440000.0,409407.8,408492.67,396714.55
2026-06-12,A3,Process Piping,1440000.0,440290.44,440486.27,430864.41
2026-06-19,A3,Process Piping,1440000.0,472368.17,471933.54,462970.81
2026-06-26,A3,Process Piping,1440000.0,505542.45,519904.12,506648.44
2026-07-03,A3,Process Piping,1440000.0,539696.6,540384.1,524567.81
2026-07-10,A3,Process Piping,1440000.0,574696.9,577205.73,560777.89
2026-07-17,A3,Process Piping,1440000.0,610394.31,621851.18,601321.56
2026-07-24,A3,Process Piping,1440000.0,646626.75,656118.38,643306.23
2026-07-31,A3,Process Piping,1440000.0,683221.81,695836.68,679519.11
2026-08-07,A3,Process Piping,1440000.0,720000.0,727883.67,705209.55
2026-08-14,A3,Process Piping,1440000.0,756778.19,760106.77,735963.86
2026-08-21,A3,Process Piping,1440000.0,793373.25,802778.98,774105.02
2026-08-28,A3,Process Piping,1440000.0,829605.69,839551.93,821328.88
2026-09-04,A3,Process Piping,1440000.0,865303.1,892093.3,872071.93
2026-09-11,A3,Process Piping,1440000.0,900303.4,919595.59,898399.29
2026-09-18,A3,Process Piping,1440000.0,934457.55,954980.09,929170.11
2026-09-25,A3,Process Piping,1440000.0,967631.83,973268.32,936800.28
2025-10-03,A4,Civil/Structural,2240000.0,2614.39,2576.87,2591.61
2025-10-10,A4,Civil/Structural,2240000.0,5496.73,5550.11,5556.28
2025-10-17,A4,Civil/Structural,2240000.0,8673.67,8567.61,8728.45
2025-10-24,A4,Civil/Structural,2240000.0,12174.37,12135.87,12217.18
2025-10-31,A4,Civil/Structural,2240000.0,16030.61,16062.69,16100.3
2025-11-07,A4,Civil/Structural,2240000.0,20277.1,20341.63,20600.58
2025-11-14,A4,Civil/Structural,2240000.0,24951.58,24736.34,24972.37
2025-11-21,A4,Civil/Structural,2240000.0,30095.08,29645.61,30162.99
2025-11-28,A4,Civil/Structural,2240000.0,35752.13,35352.38,35874.81
2025-12-05,A4,Civil/Structural,2240000.0,41970.91,42022.08,42158.84
2025-12-12,A4,Civil/Structural,2240000.0,48803.49,48443.33,49391.14
2025-12-19,A4,Civil/Structural,2240000.0,56305.97,56704.78,57635.37
2025-12-26,A4,Civil/Structural,2240000.0,64538.63,63931.23,65419.69
2026-01-02,A4,Civil/Structural,2240000.0,73566.03,73821.15,74846.1
2026-01-09,A4,Civil/Structural,2240000.0,83457.08,82584.12,83326.08
2026-01-16,A4,Civil/Structural,2240000.0,94285.04,92631.24,94259.16
2026-01-23,A4,Civil/Structural,2240000.0,106127.43,104117.41,106401.22
2026-01-30,A4,Civil/Structural,2240000.0,119065.91,117216.49,119321.12
2026-02-06,A4,Civil/Structural,2240000.0,133185.92,132831.32,134415.15
2026-02-13,A4,Civil/Structural,2240000.0,148576.37,147170.24,150387.99
2026-02-20,A4,Civil/Structural,2240000.0,165329.01,163821.95,165866.48
2026-02-27,A4,Civil/Structural,2240000.0,183537.72,183724.71,185410.04
2026-03-06,A4,Civil/Structural,2240000.0,203297.58,200495.82,203950.48
2026-03-13,A4,Civil/Structural,2240000.0,224703.74,225858.99,231310.42
2026-03-20,A4,Civil/Structural,2240000.0,247850.02,244255.48,250904.52
2026-03-27,A4,Civil/Structural,2240000.0,272827.31,272539.21,275971.15
2026-04-03,A4,Civil/Structural,2240000.0,299721.68,295140.54,300156.3
2026-04-10,A4,Civil/Structural,2240000.0,328612.33,324060.56,327487.59
2026-04-17,A4,Civil/Structural,2240000.0,359569.2,356784.46,365587.87
2026-04-24,A4,Civil/Structural,2240000.0,392650.48,383303.25,391580.93
2026-05-01,A4,Civil/Structural,2240000.0,427899.96,427438.77,439919.51
2026-05-08,A4,Civil/Structural,2240000.0,465344.31,458974.05,466344.35
2026-05-15,A4,Civil/Structural,2240000.0,504990.33,494579.1,509940.49
2026-05-22,A4,Civil/Structural,2240000.0,546822.43,544835.04,555666.54
2026-05-29,A4,Civil/Structural,2240000.0,590800.21,586386.16,602528.66
2026-06-05,A4,Civil/Structural,2240000.0,636856.58,637794.44,654379.47
2026-06-12,A4,Civil/Structural,2240000.0,684896.24,672462.26,689937.33
2026-06-19,A4,Civil/Structural,2240000.0,734794.94,734936.86,754912.3
2026-06-26,A4,Civil/Structural,2240000.0,786399.37,773603.09,787756.68
2026-07-03,A4,Civil/Structural,2240000.0,839528.04,826453.51,852547.26
2026-07-10,A4,Civil/Structural,2240000.0,893972.95,868841.76,886482.58
2026-07-17,A4,Civil/Structural,2240000.0,949502.26,921396.92,940559.28
2026-07-24,A4,Civil/Structural,2240000.0,1005863.83,982470.5,1011404.25
2026-07-31,A4,Civil/Structural,2240000.0,1062789.48,1037971.88,1071339.38
2026-08-07,A4,Civil/Structural,2240000.0,1120000.0,1117043.65,1144172.2
2026-08-14,A4,Civil/Structural,2240000.0,1177210.52,1166296.7,1192086.09
2026-08-21,A4,Civil/Structural,2240000.0,1234136.17,1202017.19,1248502.39
2026-08-28,A4,Civil/Structural,2240000.0,1290497.74,1263252.86,1288828.1
2026-09-04,A4,Civil/Structural,2240000.0,1346027.05,1303928.64,1331988.19
2026-09-11,A4,Civil/Structural,2240000.0,1400471.96,1366932.34,1399153.19
2026-09-18,A4,Civil/Structural,2240000.0,1453600.63,1430910.86,1482083.18
2026-09-25,A4,Civil/Structural,2240000.0,1505205.06,1457160.78,1487790.46
2025-10-03,A4,Mechanical,1960000.0,2287.59,2266.05,2272.64
2025-10-10,A4,Mechanical,1960000.0,4809.64,4861.78,4931.39
2025-10-17,A4,Mechanical,1960000.0,7589.46,7544.94,7631.0
2025-10-24,A4,Mechanical,1960000.0,10652.57,10534.83,10545.8
2025-10-31,A4,Mechanical,1960000.0,14026.79,14145.88,14420.69
2025-11-07,A4,Mechanical,1960000.0,17742.46,17450.19,17714.07
2025-11-14,A4,Mechanical,1960000.0,21832.63,21699.19,22084.52
2025-11-21,A4,Mechanical,1960000.0,26333.2,25951.84,26501.51
2025-11-28,A4,Mechanical,1960000.0,31283.11,31000.65,31233.08
2025-12-05,A4,Mechanical,1960000.0,36724.55,36933.73,37540.62
2025-12-12,A4,Mechanical,1960000.0,42703.06,43099.0,44101.21
2025-12-19,A4,Mechanical,1960000.0,49267.73,49789.99,50872.08
2025-12-26,A4,Mechanical,1960000.0,56471.3,56848.36,57165.96
2026-01-02,A4,Mechanical,1960000.0,64370.28,63366.63,64851.01
2026-01-09,A4,Mechanical,1960000.0,73024.95,73278.08,73935.25
2026-01-16,A4,Mechanical,1960000.0,82499.41,81730.33,82799.91
2026-01-23,A4,Mechanical,1960000.0,92861.51,92575.86,94959.36
2026-01-30,A4,Mechanical,1960000.0,104182.67,102722.6,103466.44
2026-02-06,A4,Mechanical,1960000.0,116537.68,116153.31,117379.58
2026-02-13,A4,Mechanical,1960000.0,130004.33,129217.2,132213.22
2026-02-20,A4,Mechanical,1960000.0,144662.88,142840.47,144071.05
2026-02-27,A4,Mechanical,1960000.0,160595.5,160752.37,164886.07
2026-03-06,A4,Mechanical,1960000.0,177885.38,178291.15,183297.34
2026-03-13,A4,Mechanical,1960000.0,196615.77,197194.4,199763.26
2026-03-20,A4,Mechanical,1960000.0,216868.77,212241.87,216225.64
2026-03-27,A4,Mechanical,1960000.0,238723.89,237677.16,240270.0
2026-04-03,A4,Mechanical,1960000.0,262256.47,259805.93,266386.2
2026-04-10,A4,Mechanical,1960000.0,287535.79,285912.15,291860.1
2026-04-17,A4,Mechanical,1960000.0,314623.05,311365.74,317687.59
2026-04-24,A4,Mechanical,1960000.0,343569.17,338087.54,344468.58
2026-05-01,A4,Mechanical,1960000.0,374412.47,372446.33,382232.47
2026-05-08,A4,Mechanical,1960000.0,407176.27,402480.62,409543.86
2026-05-15,A4,Mechanical,1960000.0,441866.54,435384.32,449020.12
2026-05-22,A4,Mechanical,1960000.0,478469.62,473876.38,480340.22
2026-05-29,A4,Mechanical,1960000.0,516950.18,506221.43,515060.88
2026-06-05,A4,Mechanical,1960000.0,557249.5,556110.26,568249.47
2026-06-12,A4,Mechanical,1960000.0,599284.21,587958.33,606975.23
2026-06-19,A4,Mechanical,1960000.0,642945.57,635616.68,657053.58
2026-06-26,A4,Mechanical,1960000.0,688099.45,675995.04,693744.62
2026-07-03,A4,Mechanical,1960000.0,734587.03,716195.7,728448.57
2026-07-10,A4,Mechanical,1960000.0,782226.33,769539.91,787251.72
2026-07-17,A4,Mechanical,1960000.0,830814.48,820469.11,841612.54
2026-07-24,A4,Mechanical,1960000.0,880130.85,869823.93,891906.32
2026-07-31,A4,Mechanical,1960000.0,929940.8,914501.28,937781.0
2026-08-07,A4,Mechanical,1960000.0,980000.0,973129.19,996472.7
2026-08-14,A4,Mechanical,1960000.0,1030059.2,1009636.52,1031427.18
2026-08-21,A4,Mechanical,1960000.0,1079869.15,1053343.31,1086613.33
2026-08-28,A4,Mechanical,1960000.0,1129185.52,1105222.24,1127795.67
2026-09-04,A4,Mechanical,1960000.0,1177773.67,1169148.61,1203878.63
2026-09-11,A4,Mechanical,1960000.0,1225412.97,1208815.04,1252035.43
2026-09-18,A4,Mechanical,1960000.0,1271900.55,1264819.59,1292665.14
2026-09-25,A4,Mechanical,1960000.0,1317054.43,1276079.98,1303129.44
2025-10-03,A4,Electrical,1680000.0,1960.79,1942.47,1949.01
2025-10-10,A4,Electrical,1680000.0,4122.55,4098.51,4122.74
2025-10-17,A4,Electrical,1680000.0,6505.26,6559.84,6651.76
2025-10-24,A4,Electrical,1680000.0,9130.77,9056.1,9190.76
2025-10-31,A4,Electrical,1680000.0,12022.96,12180.89,12439.14
2025-11-07,A4,Electrical,1680000.0,15207.83,15290.28,15540.79
2025-11-14,A4,Electrical,1680000.0,18713.68,18898.05,18935.73
2025-11-21,A4,Electrical,1680000.0,22571.31,22371.71,22794.01
2025-11-28,A4,Electrical,1680000.0,26814.1,26955.32,27246.77
2025-12-05,A4,Electrical,1680000.0,31478.18,31277.58,31740.22
2025-12-12,A4,Electrical,1680000.0,36602.62,36629.34,37106.05
2025-12-19,A4,Electrical,1680000.0,42229.48,42065.25,42876.67
2025-12-26,A4,Electrical,1680000.0,48403.97,47673.31,48260.89
2026-01-02,A4,Electrical,1680000.0,55174.52,54450.13,55532.21
2026-01-09,A4,Electrical,1680000.0,62592.81,62211.24,63178.61
2026-01-16,A4,Electrical,1680000.0,70713.78,70914.72,72394.98
2026-01-23,A4,Electrical,1680000.0,79595.58,79642.58,80858.66
2026-01-30,A4,Electrical,1680000.0,89299.43,89504.94,90638.68
2026-02-06,A4,Electrical,1680000.0,99889.44,98285.53,100484.57
2026-02-13,A4,Electrical,1680000.0,111432.28,111296.88,112564.02
2026-02-20,A4,Electrical,1680000.0,123996.76,122886.2,125208.48
2026-02-27,A4,Electrical,1680000.0,137653.29,136063.14,138743.7
2026-03-06,A4,Electrical,1680000.0,152473.19,149540.18,153662.83
2026-03-13,A4,Electrical,1680000.0,168527.81,164631.89,168793.48
2026-03-20,A4,Electrical,1680000.0,185887.52,186082.87,189079.25
2026-03-27,A4,Electrical,1680000.0,204620.48,202237.14,207004.39
2026-04-03,A4,Electrical,1680000.0,224791.26,221987.87,227734.11
2026-04-10,A4,Electrical,1680000.0,246459.25,244280.88,248449.86
2026-04-17,A4,Electrical,1680000.0,269676.9,263078.87,270145.29
2026-04-24,A4,Electrical,1680000.0,294487.86,295036.36,299277.72
2026-05-01,A4,Electrical,1680000.0,320924.97,321697.51,327616.34
2026-05-08,A4,Electrical,1680000.0,349008.23,346381.28,354830.14
2026-05-15,A4,Electrical,1680000.0,378742.75,375509.74,386853.71
2026-05-22,A4,Electrical,1680000.0,410116.82,410995.34,418010.98
2026-05-29,A4,Electrical,1680000.0,443100.16,436150.34,446725.9
2026-06-05,A4,Electrical,1680000.0,477642.43,467119.89,474568.54
2026-06-12,A4,Electrical,1680000.0,513672.18,507971.68,519851.78
2026-06-19,A4,Electrical,1680000.0,551096.2,550088.36,559144.6
2026-06-26,A4,Electrical,1680000.0,589799.53,574716.78,589834.85
2026-07-03,A4,Electrical,1680000.0,629646.03,611977.66,630042.3
2026-07-10,A4,Electrical,1680000.0,670479.71,660479.91,673446.79
2026-07-17,A4,Electrical,1680000.0,712126.7,692432.31,717351.84
2026-07-24,A4,Electrical,1680000.0,754397.87,738046.14,753856.6
2026-07-31,A4,Electrical,1680000.0,797092.11,788378.11,802956.37
2026-08-07,A4,Electrical,1680000.0,840000.0,815586.26,838528.82
2026-08-14,A4,Electrical,1680000.0,882907.89,859917.18,890503.34
2026-08-21,A4,Electrical,1680000.0,925602.13,907700.44,927251.86
2026-08-28,A4,Electrical,1680000.0,967873.3,940245.31,968235.03
2026-09-04,A4,Electrical,1680000.0,1009520.29,991285.0,1011669.16
2026-09-11,A4,Electrical,1680000.0,1050353.97,1045766.45,1084876.6
2026-09-18,A4,Electrical,1680000.0,1090200.47,1058547.54,1084876.6
2026-09-25,A4,Electrical,1680000.0,1128903.8,1105777.91,1144521.66
2025-10-03,A4,Process Piping,1120000.0,1307.2,1305.74,1320.87
2025-10-10,A4,Process Piping,1120000.0,2748.36,2782.59,2815.05
2025-10-17,A4,Process Piping,1120000.0,4336.84,4332.53,4393.36
2025-10-24,A4,Process Piping,1120000.0,6087.18,6037.58,6042.15
2025-10-31,A4,Process Piping,1120000.0,8015.31,7915.29,7933.53
2025-11-07,A4,Process Piping,1120000.0,10138.55,10086.34,10265.41
2025-11-14,A4,Process Piping,1120000.0,12475.79,12454.39,12706.53
2025-11-21,A4,Process Piping,1120000.0,15047.54,15175.45,15350.65
2025-11-28,A4,Process Piping,1120000.0,17876.06,17859.56,18173.3
2025-12-05,A4,Process Piping,1120000.0,20985.45,20777.79,21211.87
2025-12-12,A4,Process Piping,1120000.0,24401.75,24274.45,24702.72
2025-12-19,A4,Process Piping,1120000.0,28152.99,28210.86,28489.74
2025-12-26,A4,Process Piping,1120000.0,32269.32,32229.07,32896.01
2026-01-02,A4,Process Piping,1120000.0,36783.02,36243.21,36595.66
2026-01-09,A4,Process Piping,1120000.0,41728.54,42004.02,42842.6
2026-01-16,A4,Process Piping,1120000.0,47142.52,46815.03,47937.93
2026-01-23,A4,Process Piping,1120000.0,53063.72,52242.09,53153.61
2026-01-30,A4,Process Piping,1120000.0,59532.95,58963.04,60468.21
2026-02-06,A4,Process Piping,1120000.0,66592.96,65626.57,67228.91
2026-02-13,A4,Process Piping,1120000.0,74288.19,73259.33,74717.19
2026-02-20,A4,Process Piping,1120000.0,82664.5,81535.03,83669.74
2026-02-27,A4,Process Piping,1120000.0,91768.86,91591.99,93666.67
2026-03-06,A4,Process Piping,1120000.0,101648.79,99962.36,101802.14
2026-03-13,A4,Process Piping,1120000.0,112351.87,113038.6,115302.65
2026-03-20,A4,Process Piping,1120000.0,123925.01,124648.55,125986.61
2026-03-27,A4,Process Piping,1120000.0,136413.65,133551.94,136920.12
2026-04-03,A4,Process Piping,1120000.0,149860.84,147647.47,150482.14
2026-04-10,A4,Process Piping,1120000.0,164306.17,161463.88,164812.68
2026-04-17,A4,Process Piping,1120000.0,179784.6,177728.87,179918.08
2026-04-24,A4,Process Piping,1120000.0,196325.24,195364.36,200551.74
2026-05-01,A4,Process Piping,1120000.0,213949.98,210837.38,216507.79
2026-05-08,A4,Process Piping,1120000.0,232672.15,232479.96,237169.84
2026-05-15,A4,Process Piping,1120000.0,252495.17,245869.95,249514.41
2026-05-22,A4,Process Piping,1120000.0,273411.21,273486.11,278842.29
2026-05-29,A4,Process Piping,1120000.0,295400.1,293900.36,300727.5
2026-06-05,A4,Process Piping,1120000.0,318428.29,310280.64,318022.9
2026-06-12,A4,Process Piping,1120000.0,342448.12,335330.32,346597.44
2026-06-19,A4,Process Piping,1120000.0,367397.47,358522.02,369768.01
2026-06-26,A4,Process Piping,1120000.0,393199.69,391720.52,398954.05
2026-07-03,A4,Process Piping,1120000.0,419764.02,407811.4,414926.27
2026-07-10,A4,Process Piping,1120000.0,446986.47,437750.21,449470.15
2026-07-17,A4,Process Piping,1120000.0,474751.13,466130.15,474432.5
2026-07-24,A4,Process Piping,1120000.0,502931.92,499158.86,514407.18
2026-07-31,A4,Process Piping,1120000.0,531394.74,517643.88,530280.12
2026-08-07,A4,Process Piping,1120000.0,560000.0,546356.26,556288.88
2026-08-14,A4,Process Piping,1120000.0,588605.26,582018.7,595018.27
2026-08-21,A4,Process Piping,1120000.0,617068.08,610337.43,632015.03
2026-08-28,A4,Process Piping,1120000.0,645248.87,640163.79,660598.07
2026-09-04,A4,Process Piping,1120000.0,673013.53,665581.42,690617.95
2026-09-11,A4,Process Piping,1120000.0,700235.98,685530.4,703298.05
2026-09-18,A4,Process Piping,1120000.0,726800.31,704038.83,718178.58
2026-09-25,A4,Process Piping,1120000.0,752602.53,744724.52,771699.7
2025-10-03,A5,Civil/Structural,4800000.0,5602.27,5658.2,5733.84
2025-10-10,A5,Civil/Structural,4800000.0,11778.7,11619.83,11716.24
2025-10-17,A5,Civil/Structural,4800000.0,18586.44,18384.54,18885.5
2025-10-24,A5,Civil/Structural,4800000.0,26087.93,25665.07,25965.78
2025-10-31,A5,Civil/Structural,4800000.0,34351.32,34034.4,34476.25
2025-11-07,A5,Civil/Structural,4800000.0,43450.93,43199.18,44297.37
2025-11-14,A5,Civil/Structural,4800000.0,53467.67,52922.57,53625.67
2025-11-21,A5,Civil/Structural,4800000.0,64489.46,62392.47,63580.04
2025-11-28,A5,Civil/Structural,4800000.0,76611.7,73771.84,75093.77
2025-12-05,A5,Civil/Structural,4800000.0,89937.66,87542.1,88925.26
2025-12-12,A5,Civil/Structural,4800000.0,104578.91,100416.63,102796.16
2025-12-19,A5,Civil/Structural,4800000.0,120655.66,118071.81,119934.86
2025-12-26,A5,Civil/Structural,4800000.0,138297.07,132039.56,134852.31
2026-01-02,A5,Civil/Structural,4800000.0,157641.5,149881.8,153319.22
2026-01-09,A5,Civil/Structural,4800000.0,178836.6,170262.42,174241.1
2026-01-16,A5,Civil/Structural,4800000.0,202039.37,192605.84,195963.82
2026-01-23,A5,Civil/Structural,4800000.0,227415.93,218464.82,225046.19
2026-01-30,A5,Civil/Structural,4800000.0,255141.23,241126.49,245673.1
2026-02-06,A5,Civil/Structural,4800000.0,285398.4,267694.77,274218.93
2026-02-13,A5,Civil/Structural,4800000.0,318377.94,301156.38,312932.59
2026-02-20,A5,Civil/Structural,4800000.0,354276.45,329135.09,339210.36
2026-02-27,A5,Civil/Structural,4800000.0,393295.11,374109.1,388249.41
2026-03-06,A5,Civil/Structural,4800000.0,435637.68,403124.45,419551.82
2026-03-13,A5,Civil/Structural,4800000.0,481508.02,449981.19,468848.05
2026-03-20,A5,Civil/Structural,4800000.0,531107.19,496245.07,514296.78
2026-03-27,A5,Civil/Structural,4800000.0,584629.94,549065.4,569610.1
2026-04-03,A5,Civil/Structural,4800000.0,642260.75,589947.56,611731.74
2026-04-10,A5,Civil/Structural,4800000.0,704169.28,655551.42,675920.78
2026-04-17,A5,Civil/Structural,4800000.0,770505.42,714403.2,739538.7
2026-04-24,A5,Civil/Structural,4800000.0,841393.88,765787.87,795285.12
2026-05-01,A5,Civil/Structural,4800000.0,916928.49,838208.69,867165.66
2026-05-08,A5,Civil/Structural,4800000.0,997166.38,910225.06,939488.76
2026-05-15,A5,Civil/Structural,4800000.0,1082122.14,983119.95,1030864.69
2026-05-22,A5,Civil/Structural,4800000.0,1171762.34,1049949.28,1093584.16
2026-05-29,A5,Civil/Structural,4800000.0,1266000.45,1153532.49,1194928.08
2026-06-05,A5,Civil/Structural,4800000.0,1364692.66,1233691.08,1290362.45
2026-06-12,A5,Civil/Structural,4800000.0,1467634.8,1317892.61,1360249.7
2026-06-19,A5,Civil/Structural,4800000.0,1574560.58,1399081.63,1451952.67
2026-06-26,A5,Civil/Structural,4800000.0,1685141.51,1482547.1,1536790.25
2026-07-03,A5,Civil/Structural,4800000.0,1798988.66,1572202.21,1654451.38
2026-07-10,A5,Civil/Structural,4800000.0,1915656.32,1697227.25,1788056.73
2026-07-17,A5,Civil/Structural,4800000.0,2034647.71,1804434.46,1879051.31
2026-07-24,A5,Civil/Structural,4800000.0,2155422.49,1879198.23,1970646.95
2026-07-31,A5,Civil/Structural,4800000.0,2277406.03,2007946.07,2101971.71
2026-08-07,A5,Civil/Structural,4800000.0,2400000.0,2122783.6,2229391.63
2026-08-14,A5,Civil/Structural,4800000.0,2522593.97,2178612.03,2261115.9
2026-08-21,A5,Civil/Structural,4800000.0,2644577.51,2314871.99,2419147.4
2026-08-28,A5,Civil/Structural,4800000.0,2765352.29,2369325.87,2488130.87
2026-09-04,A5,Civil/Structural,4800000.0,2884343.68,2512612.12,2647081.6
2026-09-11,A5,Civil/Structural,4800000.0,3001011.34,2554765.99,2694576.56
2026-09-18,A5,Civil/Structural,4800000.0,3114858.49,2680532.36,2824737.85
2026-09-25,A5,Civil/Structural,4800000.0,3225439.42,2738589.5,2871434.84
2025-10-03,A5,Mechanical,4200000.0,4901.98,4879.59,4908.28
2025-10-10,A5,Mechanical,4200000.0,10306.37,10361.44,10442.9
2025-10-17,A5,Mechanical,4200000.0,16263.14,15975.6,16295.55
2025-10-24,A5,Mechanical,4200000.0,22826.93,22324.53,22591.58
2025-10-31,A5,Mechanical,4200000.0,30057.4,29267.03,29868.85
2025-11-07,A5,Mechanical,4200000.0,38019.56,37742.03,38805.28
2025-11-14,A5,Mechanical,4200000.0,46784.21,45489.96,46011.06
2025-11-21,A5,Mechanical,4200000.0,56428.28,55516.43,56455.01
2025-11-28,A5,Mechanical,4200000.0,67035.24,65753.52,66821.33
2025-12-05,A5,Mechanical,4200000.0,78695.46,75714.84,77003.11
2025-12-12,A5,Mechanical,4200000.0,91506.55,88072.6,89991.28
2025-12-19,A5,Mechanical,4200000.0,105573.7,102384.94,104317.08
2025-12-26,A5,Mechanical,4200000.0,121009.94,117518.66,119356.31
2026-01-02,A5,Mechanical,4200000.0,137936.31,134320.98,137390.8
2026-01-09,A5,Mechanical,4200000.0,156482.03,148312.35,151936.87
2026-01-16,A5,Mechanical,4200000.0,176784.45,168765.58,174025.18
2026-01-23,A5,Mechanical,4200000.0,198988.94,190845.62,197260.04
2026-01-30,A5,Mechanical,4200000.0,223248.57,213683.68,217504.12
2026-02-06,A5,Mechanical,4200000.0,249723.6,235387.07,243798.91
2026-02-13,A5,Mechanical,4200000.0,278580.7,264772.87,274790.81
2026-02-20,A5,Mechanical,4200000.0,309991.89,292307.35,298947.02
2026-02-27,A5,Mechanical,4200000.0,344133.22,324791.62,333096.9
2026-03-06,A5,Mechanical,4200000.0,381182.97,355856.66,366648.1
2026-03-13,A5,Mechanical,4200000.0,421319.52,391087.08,404454.47
2026-03-20,A5,Mechanical,4200000.0,464718.79,426128.67,436866.14
2026-03-27,A5,Mechanical,4200000.0,511551.2,473282.26,485718.92
2026-04-03,A5,Mechanical,4200000.0,561978.16,513987.4,526348.98
2026-04-10,A5,Mechanical,4200000.0,616148.12,567087.25,589489.2
2026-04-17,A5,Mechanical,4200000.0,674192.25,618420.28,645859.92
2026-04-24,A5,Mechanical,4200000.0,736219.65,682290.15,713689.53
2026-05-01,A5,Mechanical,4200000.0,802312.43,728782.22,755578.9
2026-05-08,A5,Mechanical,4200000.0,872520.58,796457.8,827946.54
2026-05-15,A5,Mechanical,4200000.0,946856.87,855630.83,880310.43
2026-05-22,A5,Mechanical,4200000.0,1025292.05,937848.76,972312.2
2026-05-29,A5,Mechanical,4200000.0,1107750.39,999430.96,1032914.04
2026-06-05,A5,Mechanical,4200000.0,1194106.08,1069781.28,1107747.02
2026-06-12,A5,Mechanical,4200000.0,1284180.45,1163267.01,1216700.06
2026-06-19,A5,Mechanical,4200000.0,1377740.51,1229176.28,1280545.22
2026-06-26,A5,Mechanical,4200000.0,1474498.82,1318340.63,1380104.83
2026-07-03,A5,Mechanical,4200000.0,1574115.07,1401331.26,1474732.32
2026-07-10,A5,Mechanical,4200000.0,1676199.28,1491185.76,1549079.46
2026-07-17,A5,Mechanical,4200000.0,1780316.75,1545736.67,1625305.0
2026-07-24,A5,Mechanical,4200000.0,1885994.68,1661819.62,1743830.65
2026-07-31,A5,Mechanical,4200000.0,1992730.28,1753656.74,1840342.57
2026-08-07,A5,Mechanical,4200000.0,2100000.0,1818088.46,1902062.1
2026-08-14,A5,Mechanical,4200000.0,2207269.72,1928881.81,2011249.9
2026-08-21,A5,Mechanical,4200000.0,2314005.32,2010791.72,2127536.21
2026-08-28,A5,Mechanical,4200000.0,2419683.25,2110721.87,2193216.65
2026-09-04,A5,Mechanical,4200000.0,2523800.72,2189695.85,2305935.85
2026-09-11,A5,Mechanical,4200000.0,2625884.93,2280595.67,2391518.1
2026-09-18,A5,Mechanical,4200000.0,2725501.18,2336144.74,2476214.95
2026-09-25,A5,Mechanical,4200000.0,2822259.49,2406153.3,2516147.16
2025-10-03,A5,Electrical,3600000.0,4201.7,4180.06,4274.6
2025-10-10,A5,Electrical,3600000.0,8834.03,8718.65,8828.36
2025-10-17,A5,Electrical,3600000.0,13939.83,14014.79,14302.36
2025-10-24,A5,Electrical,3600000.0,19565.94,19275.31,19546.61
2025-10-31,A5,Electrical,3600000.0,25763.49,25329.73,25997.02
2025-11-07,A5,Electrical,3600000.0,32588.2,32250.79,32605.1
2025-11-14,A5,Electrical,3600000.0,40100.75,39462.87,40477.3
2025-11-21,A5,Electrical,3600000.0,48367.1,47045.83,47679.13
2025-11-28,A5,Electrical,3600000.0,57458.78,56405.61,58111.05
2025-12-05,A5,Electrical,3600000.0,67453.25,65333.98,66524.6
2025-12-12,A5,Electrical,3600000.0,78434.18,77090.19,79350.16
2025-12-19,A5,Electrical,3600000.0,90491.74,86096.05,87364.74
2025-12-26,A5,Electrical,3600000.0,103722.8,100475.65,102962.59
2026-01-02,A5,Electrical,3600000.0,118231.12,114049.15,117438.38
2026-01-09,A5,Electrical,3600000.0,134127.45,127135.92,130068.91
2026-01-16,A5,Electrical,3600000.0,151529.53,145518.61,148449.95
2026-01-23,A5,Electrical,3600000.0,170561.95,160765.78,166594.79
2026-01-30,A5,Electrical,3600000.0,191355.92,181289.76,187491.88
2026-02-06,A5,Electrical,3600000.0,214048.8,200571.09,204458.67
2026-02-13,A5,Electrical,3600000.0,238783.45,223055.86,230749.93
2026-02-20,A5,Electrical,3600000.0,265707.34,248032.08,257494.96
2026-02-27,A5,Electrical,3600000.0,294971.33,275756.08,284907.87
2026-03-06,A5,Electrical,3600000.0,326728.26,306492.74,318409.16
2026-03-13,A5,Electrical,3600000.0,361131.01,333107.57,342341.94
2026-03-20,A5,Electrical,3600000.0,398330.39,368647.44,379003.3
2026-03-27,A5,Electrical,3600000.0,438472.46,404122.18,418340.76
2026-04-03,A5,Electrical,3600000.0,481695.56,444406.47,461160.68
2026-04-10,A5,Electrical,3600000.0,528126.96,480243.61,492612.22
2026-04-17,A5,Electrical,3600000.0,577879.07,534215.66,547757.04
2026-04-24,A5,Electrical,3600000.0,631045.41,578623.82,605457.8
2026-05-01,A5,Electrical,3600000.0,687696.37,619472.74,642671.4
2026-05-08,A5,Electrical,3600000.0,747874.78,669752.63,696435.96
2026-05-15,A5,Electrical,3600000.0,811591.61,746152.28,778870.84
2026-05-22,A5,Electrical,3600000.0,878821.75,804121.02,835147.75
2026-05-29,A5,Electrical,3600000.0,949500.33,850792.26,883457.73
2026-06-05,A5,Electrical,3600000.0,1023519.5,915149.77,959719.79
2026-06-12,A5,Electrical,3600000.0,1100726.1,999637.61,1047524.05
2026-06-19,A5,Electrical,3600000.0,1180920.44,1067210.62,1115735.41
2026-06-26,A5,Electrical,3600000.0,1263856.13,1119554.48,1157080.95
2026-07-03,A5,Electrical,3600000.0,1349241.49,1190563.3,1238109.35
2026-07-10,A5,Electrical,3600000.0,1436742.24,1253962.69,1308265.49
2026-07-17,A5,Electrical,3600000.0,1525985.78,1351675.24,1418770.88
2026-07-24,A5,Electrical,3600000.0,1616566.87,1435356.86,1490055.4
2026-07-31,A5,Electrical,3600000.0,1708054.53,1498850.44,1579956.87
2026-08-07,A5,Electrical,3600000.0,1800000.0,1559215.57,1639193.19
2026-08-14,A5,Electrical,3600000.0,1891945.47,1659937.01,1734791.17
2026-08-21,A5,Electrical,3600000.0,1983433.13,1724370.96,1813893.94
2026-08-28,A5,Electrical,3600000.0,2074014.22,1789509.73,1874502.11
2026-09-04,A5,Electrical,3600000.0,2163257.76,1844318.11,1955461.92
2026-09-11,A5,Electrical,3600000.0,2250758.51,1957151.54,2069409.88
2026-09-18,A5,Electrical,3600000.0,2336143.87,1968285.0,2069409.88
2026-09-25,A5,Electrical,3600000.0,2419079.56,2033181.11,2152599.99
2025-10-03,A5,Process Piping,2400000.0,2801.13,2778.55,2819.62
2025-10-10,A5,Process Piping,2400000.0,5889.35,5874.6,5960.22
2025-10-17,A5,Process Piping,2400000.0,9293.22,9245.04,9326.18
2025-10-24,A5,Process Piping,2400000.0,13043.96,12867.66,13212.12
2025-10-31,A5,Process Piping,2400000.0,17175.66,17150.23,17640.64
2025-11-07,A5,Process Piping,2400000.0,21725.46,21583.46,22179.79
2025-11-14,A5,Process Piping,2400000.0,26733.83,26385.69,26804.05
2025-11-21,A5,Process Piping,2400000.0,32244.73,31222.73,31643.32
2025-11-28,A5,Process Piping,2400000.0,38305.85,37347.68,38203.65
2025-12-05,A5,Process Piping,2400000.0,44968.83,44157.38,45139.49
2025-12-12,A5,Process Piping,2400000.0,52289.46,50087.87,51536.19
2025-12-19,A5,Process Piping,2400000.0,60327.83,57921.38,59490.14
2025-12-26,A5,Process Piping,2400000.0,69148.53,66688.96,68817.52
2026-01-02,A5,Process Piping,2400000.0,78820.75,74928.26,76714.48
2026-01-09,A5,Process Piping,2400000.0,89418.3,84616.15,87068.09
2026-01-16,A5,Process Piping,2400000.0,101019.68,95672.68,97626.67
2026-01-23,A5,Process Piping,2400000.0,113707.97,109031.68,112338.27
2026-01-30,A5,Process Piping,2400000.0,127570.61,119548.16,122705.54
2026-02-06,A5,Process Piping,2400000.0,142699.2,135860.87,138777.16
2026-02-13,A5,Process Piping,2400000.0,159188.97,152064.95,157759.37
2026-02-20,A5,Process Piping,2400000.0,177138.22,167887.84,171935.04
2026-02-27,A5,Process Piping,2400000.0,196647.55,183001.41,188507.05
2026-03-06,A5,Process Piping,2400000.0,217818.84,205996.27,210838.91
2026-03-13,A5,Process Piping,2400000.0,240754.01,221867.34,229123.45
2026-03-20,A5,Process Piping,2400000.0,265553.59,248337.87,254358.38
2026-03-27,A5,Process Piping,2400000.0,292314.97,272254.12,283444.06
2026-04-03,A5,Process Piping,2400000.0,321130.38,300307.83,312210.43
2026-04-10,A5,Process Piping,2400000.0,352084.64,325021.79,337314.0
2026-04-17,A5,Process Piping,2400000.0,385252.71,352169.44,366276.46
2026-04-24,A5,Process Piping,2400000.0,420696.94,387521.86,400626.53
2026-05-01,A5,Process Piping,2400000.0,458464.25,419820.01,435886.36
2026-05-08,A5,Process Piping,2400000.0,498583.19,458043.14,478245.02
2026-05-15,A5,Process Piping,2400000.0,541061.07,486207.4,501007.59
2026-05-22,A5,Process Piping,2400000.0,585881.17,522673.72,538668.65
2026-05-29,A5,Process Piping,2400000.0,633000.22,574095.34,602199.67
2026-06-05,A5,Process Piping,2400000.0,682346.33,616968.73,637077.75
2026-06-12,A5,Process Piping,2400000.0,733817.4,653981.93,685807.04
2026-06-19,A5,Process Piping,2400000.0,787280.29,711749.23,742803.9
2026-06-26,A5,Process Piping,2400000.0,842570.76,737902.77,762708.08
2026-07-03,A5,Process Piping,2400000.0,899494.33,798003.29,838480.0
2026-07-10,A5,Process Piping,2400000.0,957828.16,858304.48,893012.66
2026-07-17,A5,Process Piping,2400000.0,1017323.86,892160.27,935589.96
2026-07-24,A5,Process Piping,2400000.0,1077711.25,954310.78,998279.29
2026-07-31,A5,Process Piping,2400000.0,1138703.02,999224.92,1039768.46
2026-08-07,A5,Process Piping,2400000.0,1200000.0,1043113.65,1093102.12
2026-08-14,A5,Process Piping,2400000.0,1261296.98,1094967.59,1139210.72
2026-08-21,A5,Process Piping,2400000.0,1322288.75,1160733.53,1225335.79
2026-08-28,A5,Process Piping,2400000.0,1382676.14,1193888.77,1251661.07
2026-09-04,A5,Process Piping,2400000.0,1442171.84,1244943.19,1297996.97
2026-09-11,A5,Process Piping,2400000.0,1500505.67,1293485.11,1367368.94
2026-09-18,A5,Process Piping,2400000.0,1557429.24,1339605.67,1411414.18
2026-09-25,A5,Process Piping,2400000.0,1612719.71,1366302.01,1451807.36
